datetime,value
2024-01-28 14:00:00+00:00,5.32
2024-01-28 15:00:00+00:00,6.766666666666667
2024-01-28 16:00:00+00:00,9.1375
2024-01-28 17:00:00+00:00,8.816666666666666
2024-01-28 18:00:00+00:00,9.2675
2024-01-28 19:00:00+00:00,11.066666666666668
2024-01-28 20:00:00+00:00,11.066324786324788
2024-01-28 21:00:00+00:00,11.065982905982908
2024-01-28 22:00:00+00:00,11.065641025641026
2024-01-28 23:00:00+00:00,11.065299145299146
2024-01-29 00:00:00+00:00,11.064957264957267
2024-01-29 01:00:00+00:00,11.064615384615387
2024-01-29 02:00:00+00:00,11.064273504273507
2024-01-29 03:00:00+00:00,11.063931623931625
2024-01-29 04:00:00+00:00,11.063589743589745
2024-01-29 05:00:00+00:00,11.063247863247865
2024-01-29 06:00:00+00:00,11.062905982905985
2024-01-29 07:00:00+00:00,11.062564102564105
2024-01-29 08:00:00+00:00,11.062222222222223
2024-01-29 09:00:00+00:00,11.061880341880343
2024-01-29 10:00:00+00:00,11.061538461538463
2024-01-29 11:00:00+00:00,11.061196581196583
2024-01-29 12:00:00+00:00,11.060854700854703
2024-01-29 13:00:00+00:00,11.060512820512821
2024-01-29 14:00:00+00:00,11.060170940170941
2024-01-29 15:00:00+00:00,11.059829059829061
2024-01-29 16:00:00+00:00,11.059487179487181
2024-01-29 17:00:00+00:00,11.0591452991453
2024-01-29 18:00:00+00:00,11.05880341880342
2024-01-29 19:00:00+00:00,11.05846153846154
2024-01-29 20:00:00+00:00,11.05811965811966
2024-01-29 21:00:00+00:00,11.05777777777778
2024-01-29 22:00:00+00:00,11.057435897435898
2024-01-29 23:00:00+00:00,11.057094017094018
2024-01-30 00:00:00+00:00,11.056752136752138
2024-01-30 01:00:00+00:00,11.056410256410258
2024-01-30 02:00:00+00:00,11.056068376068378
2024-01-30 03:00:00+00:00,11.055726495726496
2024-01-30 04:00:00+00:00,11.055384615384616
2024-01-30 05:00:00+00:00,11.055042735042736
2024-01-30 06:00:00+00:00,11.054700854700856
2024-01-30 07:00:00+00:00,11.054358974358976
2024-01-30 08:00:00+00:00,11.054017094017095
2024-01-30 09:00:00+00:00,11.053675213675215
2024-01-30 10:00:00+00:00,11.053333333333335
2024-01-30 11:00:00+00:00,11.052991452991455
2024-01-30 12:00:00+00:00,11.052649572649575
2024-01-30 13:00:00+00:00,11.052307692307693
2024-01-30 14:00:00+00:00,11.051965811965813
2024-01-30 15:00:00+00:00,11.051623931623933
2024-01-30 16:00:00+00:00,11.051282051282053
2024-01-30 17:00:00+00:00,11.050940170940173
2024-01-30 18:00:00+00:00,11.050598290598291
2024-01-30 19:00:00+00:00,11.050256410256411
2024-01-30 20:00:00+00:00,11.049914529914531
2024-01-30 21:00:00+00:00,11.049572649572651
2024-01-30 22:00:00+00:00,11.049230769230771
2024-01-30 23:00:00+00:00,11.04888888888889
2024-01-31 00:00:00+00:00,11.04854700854701
2024-01-31 01:00:00+00:00,11.04820512820513
2024-01-31 02:00:00+00:00,11.04786324786325
2024-01-31 03:00:00+00:00,11.04752136752137
2024-01-31 04:00:00+00:00,11.047179487179488
2024-01-31 05:00:00+00:00,11.046837606837608
2024-01-31 06:00:00+00:00,11.046495726495728
2024-01-31 07:00:00+00:00,11.046153846153848
2024-01-31 08:00:00+00:00,11.045811965811966
2024-01-31 09:00:00+00:00,11.045470085470086
2024-01-31 10:00:00+00:00,11.045128205128206
2024-01-31 11:00:00+00:00,11.044786324786326
2024-01-31 12:00:00+00:00,11.044444444444446
2024-01-31 13:00:00+00:00,11.044102564102564
2024-01-31 14:00:00+00:00,11.043760683760684
2024-01-31 15:00:00+00:00,11.043418803418804
2024-01-31 16:00:00+00:00,11.043076923076924
2024-01-31 17:00:00+00:00,11.042735042735044
2024-01-31 18:00:00+00:00,11.042393162393163
2024-01-31 19:00:00+00:00,11.042051282051283
2024-01-31 20:00:00+00:00,11.041709401709403
2024-01-31 21:00:00+00:00,11.041367521367523
2024-01-31 22:00:00+00:00,11.041025641025643
2024-01-31 23:00:00+00:00,11.040683760683761
2024-02-01 00:00:00+00:00,11.040341880341881
2024-02-01 01:00:00+00:00,11.040000000000001
2024-02-01 02:00:00+00:00,11.039658119658121
2024-02-01 03:00:00+00:00,11.039316239316241
2024-02-01 04:00:00+00:00,11.03897435897436
2024-02-01 05:00:00+00:00,11.03863247863248
2024-02-01 06:00:00+00:00,11.0382905982906
2024-02-01 07:00:00+00:00,11.03794871794872
2024-02-01 08:00:00+00:00,11.03760683760684
2024-02-01 09:00:00+00:00,11.037264957264957
2024-02-01 10:00:00+00:00,11.036923076923078
2024-02-01 11:00:00+00:00,11.036581196581198
2024-02-01 12:00:00+00:00,11.036239316239318
2024-02-01 13:00:00+00:00,11.035897435897438
2024-02-01 14:00:00+00:00,11.035555555555556
2024-02-01 15:00:00+00:00,11.035213675213676
2024-02-01 16:00:00+00:00,11.034871794871796
2024-02-01 17:00:00+00:00,11.034529914529916
2024-02-01 18:00:00+00:00,11.034188034188036
2024-02-01 19:00:00+00:00,11.033846153846154
2024-02-01 20:00:00+00:00,11.033504273504274
2024-02-01 21:00:00+00:00,11.033162393162394
2024-02-01 22:00:00+00:00,11.032820512820514
2024-02-01 23:00:00+00:00,11.032478632478632
2024-02-02 00:00:00+00:00,11.032136752136752
2024-02-02 01:00:00+00:00,11.031794871794872
2024-02-02 02:00:00+00:00,11.031452991452992
2024-02-02 03:00:00+00:00,11.031111111111112
2024-02-02 04:00:00+00:00,11.03076923076923
2024-02-02 05:00:00+00:00,11.03042735042735
2024-02-02 06:00:00+00:00,11.03008547008547
2024-02-02 07:00:00+00:00,11.02974358974359
2024-02-02 08:00:00+00:00,11.02940170940171
2024-02-02 09:00:00+00:00,11.029059829059829
2024-02-02 10:00:00+00:00,11.028717948717949
2024-02-02 11:00:00+00:00,11.028376068376069
2024-02-02 12:00:00+00:00,11.028034188034189
2024-02-02 13:00:00+00:00,11.027692307692309
2024-02-02 14:00:00+00:00,11.027350427350427
2024-02-02 15:00:00+00:00,11.027008547008547
2024-02-02 16:00:00+00:00,11.026666666666667
2024-02-02 17:00:00+00:00,11.026324786324787
2024-02-02 18:00:00+00:00,11.025982905982907
2024-02-02 19:00:00+00:00,11.025641025641026
2024-02-02 20:00:00+00:00,11.025299145299146
2024-02-02 21:00:00+00:00,11.024957264957266
2024-02-02 22:00:00+00:00,11.024615384615386
2024-02-02 23:00:00+00:00,11.024273504273506
2024-02-03 00:00:00+00:00,11.023931623931624
2024-02-03 01:00:00+00:00,11.023589743589744
2024-02-03 02:00:00+00:00,11.023247863247864
2024-02-03 03:00:00+00:00,11.022905982905984
2024-02-03 04:00:00+00:00,11.022564102564104
2024-02-03 05:00:00+00:00,11.022222222222222
2024-02-03 06:00:00+00:00,11.021880341880342
2024-02-03 07:00:00+00:00,11.021538461538462
2024-02-03 08:00:00+00:00,11.021196581196582
2024-02-03 09:00:00+00:00,11.020854700854702
2024-02-03 10:00:00+00:00,11.02051282051282
2024-02-03 11:00:00+00:00,11.02017094017094
2024-02-03 12:00:00+00:00,11.01982905982906
2024-02-03 13:00:00+00:00,11.01948717948718
2024-02-03 14:00:00+00:00,11.019145299145299
2024-02-03 15:00:00+00:00,11.018803418803419
2024-02-03 16:00:00+00:00,11.018461538461539
2024-02-03 17:00:00+00:00,11.018119658119659
2024-02-03 18:00:00+00:00,11.017777777777779
2024-02-03 19:00:00+00:00,11.017435897435897
2024-02-03 20:00:00+00:00,11.017094017094017
2024-02-03 21:00:00+00:00,11.016752136752137
2024-02-03 22:00:00+00:00,11.016410256410257
2024-02-03 23:00:00+00:00,11.016068376068377
2024-02-04 00:00:00+00:00,11.015726495726495
2024-02-04 01:00:00+00:00,11.015384615384615
2024-02-04 02:00:00+00:00,11.015042735042735
2024-02-04 03:00:00+00:00,11.014700854700855
2024-02-04 04:00:00+00:00,11.014358974358975
2024-02-04 05:00:00+00:00,11.014017094017094
2024-02-04 06:00:00+00:00,11.013675213675214
2024-02-04 07:00:00+00:00,11.013333333333334
2024-02-04 08:00:00+00:00,9.3725
2024-02-04 09:00:00+00:00,7.8999999999999995
2024-02-04 10:00:00+00:00,6.073333333333333
2024-02-04 11:00:00+00:00,5.7775
2024-02-04 12:00:00+00:00,5.7
2024-02-04 13:00:00+00:00,4.986666666666667
2024-02-04 14:00:00+00:00,28.6375
2024-02-04 15:00:00+00:00,7.580000000000001
2024-02-04 16:00:00+00:00,8.19
2024-02-04 17:00:00+00:00,8.153333333333334
2024-02-04 18:00:00+00:00,10.54
2024-02-04 19:00:00+00:00,12.3125
2024-02-04 20:00:00+00:00,12.62
2024-02-04 21:00:00+00:00,12.7975
2024-02-04 22:00:00+00:00,11.206666666666669
2024-02-04 23:00:00+00:00,9.6475
2024-02-05 00:00:00+00:00,8.893333333333333
2024-02-05 01:00:00+00:00,7.9350000000000005
2024-02-05 02:00:00+00:00,7.426666666666667
2024-02-05 03:00:00+00:00,9.58
2024-02-05 04:00:00+00:00,11.747499999999999
2024-02-05 05:00:00+00:00,11.506666666666668
2024-02-05 06:00:00+00:00,10.465
2024-02-05 07:00:00+00:00,10.543333333333335
2024-02-05 08:00:00+00:00,9.4925
2024-02-05 09:00:00+00:00,7.876666666666666
2024-02-05 10:00:00+00:00,7.3725000000000005
2024-02-05 11:00:00+00:00,6.84
2024-02-05 12:00:00+00:00,6.7225
2024-02-05 13:00:00+00:00,7.353333333333333
2024-02-05 14:00:00+00:00,6.74
2024-02-05 15:00:00+00:00,7.786666666666666
2024-02-05 16:00:00+00:00,10.504999999999999
2024-02-05 17:00:00+00:00,11.450000000000001
2024-02-05 18:00:00+00:00,14.85
2024-02-05 19:00:00+00:00,18.2
2024-02-05 20:00:00+00:00,14.315
2024-02-05 21:00:00+00:00,9.213333333333333
2024-02-05 22:00:00+00:00,8.1625
2024-02-05 23:00:00+00:00,7.86
2024-02-06 00:00:00+00:00,8.375
2024-02-06 01:00:00+00:00,9.2975
2024-02-06 02:00:00+00:00,9.24
2024-02-06 03:00:00+00:00,12.805
2024-02-06 04:00:00+00:00,17.465000009536745
2024-02-06 05:00:00+00:00,21.39603572336833
2024-02-06 06:00:00+00:00,17.163340746561687
2024-02-06 07:00:00+00:00,13.920255975087485
2024-02-06 08:00:00+00:00,11.089999999999998
2024-02-06 09:00:00+00:00,12.006934525171916
2024-02-06 10:00:00+00:00,8.236666666666666
2024-02-06 11:00:00+00:00,9.626392855326335
2024-02-06 12:00:00+00:00,9.086369060675302
2024-02-06 13:00:00+00:00,7.687827377319335
2024-02-06 14:00:00+00:00,9.227738109429678
2024-02-06 15:00:00+00:00,17.193553610483807
2024-02-06 16:00:00+00:00,11.366666666666667
2024-02-06 17:00:00+00:00,23.892601252237956
2024-02-06 18:00:00+00:00,31.14614592870077
2024-02-06 19:00:00+00:00,25.953047673543296
2024-02-06 20:00:00+00:00,31.316636981964113
2024-02-06 21:00:00+00:00,19.425
2024-02-06 22:00:00+00:00,24.833333333333332
2024-02-06 23:00:00+00:00,26.0625
2024-02-07 00:00:00+00:00,17.603333333333335
2024-02-07 01:00:00+00:00,18.505
2024-02-07 02:00:00+00:00,24.392500000000002
2024-02-07 03:00:00+00:00,31.473333333333333
2024-02-07 04:00:00+00:00,22.0925
2024-02-07 05:00:00+00:00,18.603333333333335
2024-02-07 06:00:00+00:00,12.9275
2024-02-07 07:00:00+00:00,15.046666666666667
2024-02-07 08:00:00+00:00,14.504999999999999
2024-02-07 09:00:00+00:00,12.089999999999998
2024-02-07 10:00:00+00:00,9.205
2024-02-07 11:00:00+00:00,8.0
2024-02-07 12:00:00+00:00,6.235
2024-02-07 13:00:00+00:00,6.153333333333333
2024-02-07 14:00:00+00:00,7.4313630832036335
2024-02-07 15:00:00+00:00,15.122455520629883
2024-02-07 16:00:00+00:00,14.046940503438313
2024-02-07 17:00:00+00:00,12.199382421175638
2024-02-07 18:00:00+00:00,10.092380982081096
2024-02-07 19:00:00+00:00,11.438015876611074
2024-02-07 20:00:00+00:00,9.51898214785258
2024-02-07 21:00:00+00:00,8.946160723368328
2024-02-07 22:00:00+00:00,9.537154764175416
2024-02-07 23:00:00+00:00,9.530226169586182
2024-02-08 00:00:00+00:00,9.226666666666667
2024-02-08 01:00:00+00:00,6.8675
2024-02-08 02:00:00+00:00,6.626406246026358
2024-02-08 03:00:00+00:00,8.9
2024-02-08 04:00:00+00:00,16.542232162157696
2024-02-08 05:00:00+00:00,8.895
2024-02-08 06:00:00+00:00,12.241197932561239
2024-02-08 07:00:00+00:00,11.913761914571127
2024-02-08 08:00:00+00:00,12.476666666666667
2024-02-08 09:00:00+00:00,10.246720235824586
2024-02-08 10:00:00+00:00,6.6066666666666665
2024-02-08 11:00:00+00:00,6.710857149442037
2024-02-08 12:00:00+00:00,22.512462757031123
2024-02-08 13:00:00+00:00,5.49
2024-02-08 14:00:00+00:00,7.529665184815725
2024-02-08 15:00:00+00:00,7.716744059880574
2024-02-08 16:00:00+00:00,12.514226246674856
2024-02-08 17:00:00+00:00,20.638464416503904
2024-02-08 18:00:00+00:00,11.883333333333333
2024-02-08 19:00:00+00:00,16.371119024912513
2024-02-08 20:00:00+00:00,16.172410707473755
2024-02-08 21:00:00+00:00,16.7425
2024-02-08 22:00:00+00:00,16.165452370961507
2024-02-08 23:00:00+00:00,10.6
2024-02-09 00:00:00+00:00,8.765
2024-02-09 01:00:00+00:00,10.82907735824585
2024-02-09 02:00:00+00:00,19.8425
2024-02-09 03:00:00+00:00,30.12308771133423
2024-02-09 04:00:00+00:00,24.84761910756429
2024-02-09 05:00:00+00:00,13.08
2024-02-09 06:00:00+00:00,12.61448217646281
2024-02-09 07:00:00+00:00,10.41190478404363
2024-02-09 08:00:00+00:00,7.6575
2024-02-09 09:00:00+00:00,7.347232114473979
2024-02-09 10:00:00+00:00,7.4434107281366995
2024-02-09 11:00:00+00:00,10.095238081614177
2024-02-09 12:00:00+00:00,7.320791657129924
2024-02-09 13:00:00+00:00,8.21581100622813
2024-02-09 14:00:00+00:00,8.261273804982503
2024-02-09 15:00:00+00:00,10.17858630100886
2024-02-09 16:00:00+00:00,19.176363189697263
2024-02-09 17:00:00+00:00,7.297499999999999
2024-02-09 18:00:00+00:00,11.16927819887797
2024-02-09 19:00:00+00:00,8.415214282989501
2024-02-09 20:00:00+00:00,7.289999999999999
2024-02-09 21:00:00+00:00,7.1038750031789135
2024-02-09 22:00:00+00:00,6.868616077105204
2024-02-09 23:00:00+00:00,8.15
2024-02-10 00:00:00+00:00,10.53
2024-02-10 01:00:00+00:00,9.001922635396323
2024-02-10 02:00:00+00:00,8.846666666666666
2024-02-10 03:00:00+00:00,13.756410742441812
2024-02-10 04:00:00+00:00,25.05411449591319
2024-02-10 05:00:00+00:00,11.57
2024-02-10 06:00:00+00:00,12.647589268684388
2024-02-10 07:00:00+00:00,11.47917854690552
2024-02-10 08:00:00+00:00,8.833333333333334
2024-02-10 09:00:00+00:00,9.76106943066915
2024-02-10 10:00:00+00:00,10.09119792064031
2024-02-10 11:00:00+00:00,8.121672609965007
2024-02-10 12:00:00+00:00,8.09486605723699
2024-02-10 13:00:00+00:00,7.218095231056213
2024-02-10 14:00:00+00:00,7.340369042396546
2024-02-10 15:00:00+00:00,8.233943435351055
2024-02-10 16:00:00+00:00,9.7675
2024-02-10 17:00:00+00:00,9.753861587842307
2024-02-10 18:00:00+00:00,9.858055544535318
2024-02-10 19:00:00+00:00,13.021971709728241
2024-02-10 20:00:00+00:00,12.603928537368775
2024-02-10 21:00:00+00:00,13.150892901420594
2024-02-10 22:00:00+00:00,11.715708336512247
2024-02-10 23:00:00+00:00,11.501287193298339
2024-02-11 00:00:00+00:00,11.090255956013998
2024-02-11 01:00:00+00:00,10.159940451780955
2024-02-11 02:00:00+00:00,9.0275
2024-02-11 03:00:00+00:00,17.368697920640308
2024-02-11 04:00:00+00:00,25.25
2024-02-11 05:00:00+00:00,25.201711098353066
2024-02-11 06:00:00+00:00,14.555
2024-02-11 07:00:00+00:00,18.744151887893675
2024-02-11 08:00:00+00:00,11.4925
2024-02-11 09:00:00+00:00,13.992291650772096
2024-02-11 10:00:00+00:00,9.77
2024-02-11 11:00:00+00:00,10.313148770014445
2024-02-11 12:00:00+00:00,7.8500000000000005
2024-02-11 13:00:00+00:00,7.8725000000000005
2024-02-11 14:00:00+00:00,20.684620677630107
2024-02-11 15:00:00+00:00,12.155595264434814
2024-02-11 16:00:00+00:00,11.493333333333334
2024-02-11 17:00:00+00:00,24.18607143084208
2024-02-11 18:00:00+00:00,17.75338094329834
2024-02-11 19:00:00+00:00,17.121688961982727
2024-02-11 20:00:00+00:00,17.255392906188966
2024-02-11 21:00:00+00:00,16.28639883041382
2024-02-11 22:00:00+00:00,14.434248530069986
2024-02-11 23:00:00+00:00,12.391053578694663
2024-02-12 00:00:00+00:00,10.866666666666667
2024-02-12 01:00:00+00:00,11.88
2024-02-12 02:00:00+00:00,19.27514143149058
2024-02-12 03:00:00+00:00,19.790119005839028
2024-02-12 04:00:00+00:00,21.665595227877297
2024-02-12 05:00:00+00:00,16.66193452835083
2024-02-12 06:00:00+00:00,20.19902534643809
2024-02-12 07:00:00+00:00,18.197499999999998
2024-02-12 08:00:00+00:00,12.823333333333332
2024-02-12 09:00:00+00:00,14.409029754638672
2024-02-12 10:00:00+00:00,12.689709842999775
2024-02-12 11:00:00+00:00,12.36159523264567
2024-02-12 12:00:00+00:00,9.72
2024-02-12 13:00:00+00:00,10.864738046646119
2024-02-12 14:00:00+00:00,10.522187496026357
2024-02-12 15:00:00+00:00,17.083202421824137
2024-02-12 16:00:00+00:00,28.143363145192463
2024-02-12 17:00:00+00:00,34.08564279174804
2024-02-12 18:00:00+00:00,24.688437507947285
2024-02-12 19:00:00+00:00,15.093809502919516
2024-02-12 20:00:00+00:00,12.855305047035218
2024-02-12 21:00:00+00:00,11.937702380498251
2024-02-12 22:00:00+00:00,10.866666666666667
2024-02-12 23:00:00+00:00,10.117107122421265
2024-02-13 00:00:00+00:00,10.749964298884075
2024-02-13 01:00:00+00:00,11.459999999999999
2024-02-13 02:00:00+00:00,15.097124993642172
2024-02-13 03:00:00+00:00,25.81185268084208
2024-02-13 04:00:00+00:00,36.84458926391601
2024-02-13 05:00:00+00:00,17.936666666666667
2024-02-13 06:00:00+00:00,12.772499999999999
2024-02-13 07:00:00+00:00,15.665937547683715
2024-02-13 08:00:00+00:00,16.17434521993001
2024-02-13 09:00:00+00:00,14.73435262521108
2024-02-13 10:00:00+00:00,11.174970219930014
2024-02-13 11:00:00+00:00,11.174062547683716
2024-02-13 12:00:00+00:00,10.645922629038493
2024-02-13 13:00:00+00:00,10.400128949483236
2024-02-13 14:00:00+00:00,10.380761899312336
2024-02-13 15:00:00+00:00,12.814791714350383
2024-02-13 16:00:00+00:00,16.80725005722046
2024-02-13 17:00:00+00:00,16.56566216945648
2024-02-13 18:00:00+00:00,13.1875
2024-02-13 19:00:00+00:00,14.860372036298116
2024-02-13 20:00:00+00:00,17.02364881769816
2024-02-13 21:00:00+00:00,12.470488119761148
2024-02-13 22:00:00+00:00,9.01
2024-02-13 23:00:00+00:00,12.325345245361328
2024-02-14 00:00:00+00:00,14.481502951780955
2024-02-14 01:00:00+00:00,11.4975
2024-02-14 02:00:00+00:00,13.859263443946839
2024-02-14 03:00:00+00:00,17.86052976735433
2024-02-14 04:00:00+00:00,22.49570678393046
2024-02-14 05:00:00+00:00,14.8475
2024-02-14 06:00:00+00:00,17.77027529080709
2024-02-14 07:00:00+00:00,20.189589276631672
2024-02-14 08:00:00+00:00,15.211004521052043
2024-02-14 09:00:00+00:00,12.180017842610678
2024-02-14 10:00:00+00:00,12.008267917633058
2024-02-14 11:00:00+00:00,10.924220235824585
2024-02-14 12:00:00+00:00,11.107328907648721
2024-02-14 13:00:00+00:00,9.435184512456257
2024-02-14 14:00:00+00:00,9.076666666666666
2024-02-14 15:00:00+00:00,11.125
2024-02-14 16:00:00+00:00,17.152433042526244
2024-02-14 17:00:00+00:00,24.291410786946614
2024-02-14 18:00:00+00:00,19.208117610613506
2024-02-14 19:00:00+00:00,20.87595839691162
2024-02-14 20:00:00+00:00,19.40499997615814
2024-02-14 21:00:00+00:00,18.300660729726154
2024-02-14 22:00:00+00:00,14.82
2024-02-14 23:00:00+00:00,16.46657142130534
2024-02-15 00:00:00+00:00,15.31101793797811
2024-02-15 01:00:00+00:00,13.706666666666669
2024-02-15 02:00:00+00:00,24.95854754638672
2024-02-15 03:00:00+00:00,22.790000000000003
2024-02-15 04:00:00+00:00,24.58717266082764
2024-02-15 05:00:00+00:00,23.40218748410543
2024-02-15 06:00:00+00:00,11.7925
2024-02-15 07:00:00+00:00,14.22087385524403
2024-02-15 08:00:00+00:00,13.480994024912516
2024-02-15 09:00:00+00:00,10.773333333333333
2024-02-15 10:00:00+00:00,10.912928597768147
2024-02-15 11:00:00+00:00,8.97686014175415
2024-02-15 12:00:00+00:00,8.592244072596232
2024-02-15 13:00:00+00:00,7.946041642824809
2024-02-15 14:00:00+00:00,7.912315474828084
2024-02-15 15:00:00+00:00,9.880163683096567
2024-02-15 16:00:00+00:00,15.581797584533692
2024-02-15 17:00:00+00:00,16.333333333333332
2024-02-15 18:00:00+00:00,18.65742857996623
2024-02-15 19:00:00+00:00,21.580677154858908
2024-02-15 20:00:00+00:00,18.779660736083983
2024-02-15 21:00:00+00:00,35.09989879226684
2024-02-15 22:00:00+00:00,28.927738030751545
2024-02-15 23:00:00+00:00,28.808511892954506
2024-02-16 00:00:00+00:00,28.68928575515747
2024-02-16 01:00:00+00:00,31.924205991956924
2024-02-16 02:00:00+00:00,32.51080369949341
2024-02-16 03:00:00+00:00,67.62366040547688
2024-02-16 04:00:00+00:00,68.17827320098877
2024-02-16 05:00:00+00:00,38.160714308420815
2024-02-16 06:00:00+00:00,33.49538691838582
2024-02-16 07:00:00+00:00,28.83005952835083
2024-02-16 08:00:00+00:00,20.28139877319336
2024-02-16 09:00:00+00:00,17.682738145192463
2024-02-16 10:00:00+00:00,16.024107376734417
2024-02-16 11:00:00+00:00,15.429018020629885
2024-02-16 12:00:00+00:00,14.607886950174969
2024-02-16 13:00:00+00:00,13.275892814000448
2024-02-16 14:00:00+00:00,12.963392814000448
2024-02-16 15:00:00+00:00,12.650892814000448
2024-02-16 16:00:00+00:00,22.861458381017048
2024-02-16 17:00:00+00:00,28.619047323862713
2024-02-16 18:00:00+00:00,26.653720378875732
2024-02-16 19:00:00+00:00,25.147618770599365
2024-02-16 20:00:00+00:00,26.177380720774337
2024-02-16 21:00:00+00:00,31.41011905670166
2024-02-16 22:00:00+00:00,30.654017607371017
2024-02-16 23:00:00+00:00,27.968452135721844
2024-02-17 00:00:00+00:00,25.918898741404217
2024-02-17 01:00:00+00:00,24.15290172894796
2024-02-17 02:00:00+00:00,22.3869047164917
2024-02-17 03:00:00+00:00,32.366517861684166
2024-02-17 04:00:00+00:00,36.95282745361328
2024-02-17 05:00:00+00:00,50.67395877838135
2024-02-17 06:00:00+00:00,31.24449396133423
2024-02-17 07:00:00+00:00,21.43110116322835
2024-02-17 08:00:00+00:00,18.526041507720947
2024-02-17 09:00:00+00:00,19.028868834177658
2024-02-17 10:00:00+00:00,15.944345076878866
2024-02-17 11:00:00+00:00,13.49598217010498
2024-02-17 12:00:00+00:00,19.784361492503773
2024-02-17 13:00:00+00:00,24.196428616841633
2024-02-17 14:00:00+00:00,11.92157737414042
2024-02-17 15:00:00+00:00,11.27500025431315
2024-02-17 16:00:00+00:00,14.696130990982056
2024-02-17 17:00:00+00:00,20.394047419230144
2024-02-17 18:00:00+00:00,24.388095140457153
2024-02-17 19:00:00+00:00,28.38214286168416
2024-02-17 20:00:00+00:00,26.95892842610677
2024-02-17 21:00:00+00:00,25.08437522252401
2024-02-17 22:00:00+00:00,24.518526871999107
2024-02-17 23:00:00+00:00,23.9526785214742
2024-02-18 00:00:00+00:00,24.81622076034546
2024-02-18 01:00:00+00:00,28.68556547164917
2024-02-18 02:00:00+00:00,172.13534172375998
2024-02-18 03:00:00+00:00,315.5851179758708
2024-02-18 04:00:00+00:00,469.230354309082
2024-02-18 05:00:00+00:00,321.9398294024997
2024-02-18 06:00:00+00:00,174.64930449591742
2024-02-18 07:00:00+00:00,27.358779589335125
2024-02-18 08:00:00+00:00,20.41011921564738
2024-02-18 09:00:00+00:00,19.178869088490803
2024-02-18 10:00:00+00:00,17.40982111295064
2024-02-18 11:00:00+00:00,16.504712104797363
2024-02-18 12:00:00+00:00,15.599603096644083
2024-02-18 13:00:00+00:00,14.694494088490805
2024-02-18 14:00:00+00:00,15.980803648630776
2024-02-18 15:00:00+00:00,16.03556553522746
2024-02-18 16:00:00+00:00,16.925198316574097
2024-02-18 17:00:00+00:00,39.65279769897461
2024-02-18 18:00:00+00:00,36.408135096232094
2024-02-18 19:00:00+00:00,22.823065439860027
2024-02-18 20:00:00+00:00,21.21889877319336
2024-02-18 21:00:00+00:00,19.61473210652669
2024-02-18 22:00:00+00:00,19.11726188659668
2024-02-18 23:00:00+00:00,17.97098223368327
2024-02-19 00:00:00+00:00,17.341220537821453
2024-02-19 01:00:00+00:00,17.697023550669353
2024-02-19 02:00:00+00:00,23.018452008565266
2024-02-19 03:00:00+00:00,38.533928553263344
2024-02-19 04:00:00+00:00,48.15386931101481
2024-02-19 05:00:00+00:00,47.6398811340332
2024-02-19 06:00:00+00:00,32.326488176981606
2024-02-19 07:00:00+00:00,30.764434337615967
2024-02-19 08:00:00+00:00,23.846279780069988
2024-02-19 09:00:00+00:00,23.330654939015705
2024-02-19 10:00:00+00:00,19.92559512456258
2024-02-19 11:00:00+00:00,16.80104152361552
2024-02-19 12:00:00+00:00,14.453869104385376
2024-02-19 13:00:00+00:00,10.978273868560793
2024-02-19 14:00:00+00:00,10.738988081614176
2024-02-19 15:00:00+00:00,13.184523741404217
2024-02-19 16:00:00+00:00,40.61458317438761
2024-02-19 17:00:00+00:00,40.31577396392822
2024-02-19 18:00:00+00:00,26.82023811340332
2024-02-19 19:00:00+00:00,20.948660532633465
2024-02-19 20:00:00+00:00,16.18958322207133
2024-02-19 21:00:00+00:00,13.858779748280844
2024-02-19 22:00:00+00:00,11.85793654123942
2024-02-19 23:00:00+00:00,11.479563474655151
2024-02-20 00:00:00+00:00,10.468006054560345
2024-02-20 01:00:00+00:00,10.918973326683044
2024-02-20 02:00:00+00:00,11.369940598805746
2024-02-20 03:00:00+00:00,14.410565535227455
2024-02-20 04:00:00+00:00,17.848437627156574
2024-02-20 05:00:00+00:00,21.286309719085693
2024-02-20 06:00:00+00:00,16.35982124010722
2024-02-20 07:00:00+00:00,21.782886664072674
2024-02-20 08:00:00+00:00,20.157663504282635
2024-02-20 09:00:00+00:00,18.532440344492596
2024-02-20 10:00:00+00:00,15.21264878908793
2024-02-20 11:00:00+00:00,13.241369009017944
2024-02-20 12:00:00+00:00,12.382440487543743
2024-02-20 13:00:00+00:00,11.52351196606954
2024-02-20 14:00:00+00:00,13.061904907226562
2024-02-20 15:00:00+00:00,20.180059671401978
2024-02-20 16:00:00+00:00,38.73913780848185
2024-02-20 17:00:00+00:00,35.34226179122925
2024-02-20 18:00:00+00:00,28.322172482808433
2024-02-20 19:00:00+00:00,21.302083174387615
2024-02-20 20:00:00+00:00,14.6136904557546
2024-02-20 21:00:00+00:00,12.11116075515747
2024-02-20 22:00:00+00:00,11.260342359542847
2024-02-20 23:00:00+00:00,10.409523963928224
2024-02-21 00:00:00+00:00,10.815625111262005
2024-02-21 01:00:00+00:00,12.112499952316284
2024-02-21 02:00:00+00:00,17.887797713279724
2024-02-21 03:00:00+00:00,23.663095474243164
2024-02-21 04:00:00+00:00,22.23174614376492
2024-02-21 05:00:00+00:00,20.800396813286675
2024-02-21 06:00:00+00:00,19.36904748280843
2024-02-21 07:00:00+00:00,19.50424098968506
2024-02-21 08:00:00+00:00,19.639434496561687
2024-02-21 09:00:00+00:00,16.348139882087708
2024-02-21 10:00:00+00:00,13.05684526761373
2024-02-21 11:00:00+00:00,13.189732233683268
2024-02-21 12:00:00+00:00,12.64255944887797
2024-02-21 13:00:00+00:00,12.619791746139526
2024-02-21 14:00:00+00:00,31.13794668515523
2024-02-21 15:00:00+00:00,36.0852681795756
2024-02-21 16:00:00+00:00,20.479761759440105
2024-02-21 17:00:00+00:00,17.28110106786092
2024-02-21 18:00:00+00:00,20.321428616841633
2024-02-21 19:00:00+00:00,20.240376949310303
2024-02-21 20:00:00+00:00,16.185714324315388
2024-02-21 21:00:00+00:00,13.117857217788696
2024-02-21 22:00:00+00:00,11.231696526209513
2024-02-21 23:00:00+00:00,9.925297657648722
2024-02-22 00:00:00+00:00,9.971130847930908
2024-02-22 01:00:00+00:00,10.661458174387612
2024-02-22 02:00:00+00:00,22.1759672164917
2024-02-22 03:00:00+00:00,33.69047625859579
2024-02-22 04:00:00+00:00,26.89851172765096
2024-02-22 05:00:00+00:00,24.88065457344055
2024-02-22 06:00:00+00:00,22.862797419230144
2024-02-22 07:00:00+00:00,19.05245530605316
2024-02-22 08:00:00+00:00,15.24211319287618
2024-02-22 09:00:00+00:00,12.895981947580973
2024-02-22 10:00:00+00:00,13.606547594070436
2024-02-22 11:00:00+00:00,12.054538647333782
2024-02-22 12:00:00+00:00,10.502529700597128
2024-02-22 13:00:00+00:00,8.719642957051596
2024-02-22 14:00:00+00:00,7.3819940487543745
2024-02-22 15:00:00+00:00,13.063690265019735
2024-02-22 16:00:00+00:00,22.39880959192912
2024-02-22 17:00:00+00:00,16.54851158459981
2024-02-22 18:00:00+00:00,12.872619152069092
2024-02-22 19:00:00+00:00,13.047321399052938
2024-02-22 20:00:00+00:00,12.786309480667114
2024-02-22 21:00:00+00:00,14.073511838912964
2024-02-22 22:00:00+00:00,11.926190535227455
2024-02-22 23:00:00+00:00,10.772023797035216
2024-02-23 00:00:00+00:00,9.617857058842976
2024-02-23 01:00:00+00:00,12.532365957895914
2024-02-23 02:00:00+00:00,15.446874856948853
2024-02-23 03:00:00+00:00,19.012797554334007
2024-02-23 04:00:00+00:00,22.57872025171916
2024-02-23 05:00:00+00:00,16.927083373069767
2024-02-23 06:00:00+00:00,11.27544649442037
2024-02-23 07:00:00+00:00,11.37413203716278
2024-02-23 08:00:00+00:00,11.472817579905191
2024-02-23 09:00:00+00:00,10.105555454889933
2024-02-23 10:00:00+00:00,9.941269675890604
2024-02-23 11:00:00+00:00,9.776983896891275
2024-02-23 12:00:00+00:00,8.264732122421265
2024-02-23 13:00:00+00:00,72.8532737493515
2024-02-23 14:00:00+00:00,194.31651814778647
2024-02-23 15:00:00+00:00,64.77693430582683
2024-02-23 16:00:00+00:00,152.07619094848633
2024-02-23 17:00:00+00:00,59.19449361165365
2024-02-23 18:00:00+00:00,36.00081825256348
2024-02-23 19:00:00+00:00,12.807142893473308
2024-02-23 20:00:00+00:00,11.903720140457152
2024-02-23 21:00:00+00:00,12.481250047683716
2024-02-23 22:00:00+00:00,10.741964101791382
2024-02-23 23:00:00+00:00,8.756547768910727
2024-02-24 00:00:00+00:00,10.647172609965006
2024-02-24 01:00:00+00:00,10.133630911509195
2024-02-24 02:00:00+00:00,14.519295533498127
2024-02-24 03:00:00+00:00,18.90496015548706
2024-02-24 04:00:00+00:00,23.29062477747599
2024-02-24 05:00:00+00:00,26.50773811340332
2024-02-24 06:00:00+00:00,15.65401784578959
2024-02-24 07:00:00+00:00,18.696726322174072
2024-02-24 08:00:00+00:00,14.067559639612831
2024-02-24 09:00:00+00:00,18.568898518880207
2024-02-24 10:00:00+00:00,24.191815455754593
2024-02-24 11:00:00+00:00,29.814732392628983
2024-02-24 12:00:00+00:00,13.512946367263794
2024-02-24 13:00:00+00:00,8.40208355585734
2024-02-24 14:00:00+00:00,8.523065487543741
2024-02-24 15:00:00+00:00,9.57797614733378
2024-02-24 16:00:00+00:00,7.675793687502543
2024-02-24 17:00:00+00:00,11.877063592274984
2024-02-24 18:00:00+00:00,16.44321934382121
2024-02-24 19:00:00+00:00,21.00937509536743
2024-02-24 20:00:00+00:00,23.09523804982503
2024-02-24 21:00:00+00:00,19.816666920979817
2024-02-24 22:00:00+00:00,19.9854912492964
2024-02-24 23:00:00+00:00,20.15431557761298
2024-02-25 00:00:00+00:00,20.323139905929565
2024-02-25 01:00:00+00:00,20.491964234246147
2024-02-25 02:00:00+00:00,20.66078856256273
2024-02-25 03:00:00+00:00,20.82961289087931
2024-02-25 04:00:00+00:00,31.612053394317627
2024-02-25 05:00:00+00:00,38.56101163228353
2024-02-25 06:00:00+00:00,29.673065106074016
2024-02-25 07:00:00+00:00,20.33407751719157
2024-02-25 08:00:00+00:00,22.3050594329834
2024-02-25 09:00:00+00:00,16.14851172765096
2024-02-25 10:00:00+00:00,18.187499708599514
2024-02-25 11:00:00+00:00,20.22648768954807
2024-02-25 12:00:00+00:00,22.265475670496624
2024-02-25 13:00:00+00:00,10.022470235824583
2024-02-25 14:00:00+00:00,8.38611114025116
2024-02-25 15:00:00+00:00,19.598809639612835
2024-02-25 16:00:00+00:00,39.518353184064225
2024-02-25 17:00:00+00:00,59.437896728515625
2024-02-25 18:00:00+00:00,40.69265906016032
2024-02-25 19:00:00+00:00,33.55496025085449
2024-02-25 20:00:00+00:00,31.10714276631673
2024-02-25 21:00:00+00:00,30.689137140909832
2024-02-25 22:00:00+00:00,27.82261896133423
2024-02-25 23:00:00+00:00,16.843303600947063
2024-02-26 00:00:00+00:00,13.23258932431539
2024-02-26 01:00:00+00:00,9.621875047683716
2024-02-26 02:00:00+00:00,10.982366164525349
2024-02-26 03:00:00+00:00,12.342857281366983
2024-02-26 04:00:00+00:00,39.20848242441813
2024-02-26 05:00:00+00:00,34.03683063719008
2024-02-26 06:00:00+00:00,28.86517884996202
2024-02-26 07:00:00+00:00,23.693527062733967
2024-02-26 08:00:00+00:00,18.521875275505913
2024-02-26 09:00:00+00:00,13.350223488277859
2024-02-26 10:00:00+00:00,8.178571701049805
2024-02-26 11:00:00+00:00,8.070833484331766
2024-02-26 12:00:00+00:00,7.963095267613728
2024-02-26 13:00:00+00:00,9.572768012682596
2024-02-26 14:00:00+00:00,12.880506038665771
2024-02-26 15:00:00+00:00,17.48745036125183
2024-02-26 16:00:00+00:00,25.287202676137287
2024-02-26 17:00:00+00:00,25.437748273213703
2024-02-26 18:00:00+00:00,25.58829387029012
2024-02-26 19:00:00+00:00,14.199007987976074
2024-02-26 20:00:00+00:00,12.248809496561686
2024-02-26 21:00:00+00:00,14.248660564422607
2024-02-26 22:00:00+00:00,19.33824396133423
2024-02-26 23:00:00+00:00,24.42782735824585
2024-02-27 00:00:00+00:00,27.58809526761373
2024-02-27 01:00:00+00:00,30.74836317698161
2024-02-27 02:00:00+00:00,31.33035707473755
2024-02-27 03:00:00+00:00,37.879910469055176
2024-02-27 04:00:00+00:00,40.415178298950195
2024-02-27 05:00:00+00:00,32.939285119374595
2024-02-27 06:00:00+00:00,20.20089308420817
2024-02-27 07:00:00+00:00,15.748809496561686
2024-02-27 08:00:00+00:00,19.15714295705159
2024-02-27 09:00:00+00:00,27.669047673543293
2024-02-27 10:00:00+00:00,24.434970060984295
2024-02-27 11:00:00+00:00,17.371428807576496
2024-02-27 12:00:00+00:00,13.487500031789144
2024-02-27 13:00:00+00:00,35.11562502384186
2024-02-27 14:00:00+00:00,56.74375001589458
2024-02-27 15:00:00+00:00,78.37187500794728
2024-02-27 16:00:00+00:00,100.0
2024-02-27 17:00:00+00:00,87.9875005086263
2024-02-27 18:00:00+00:00,62.556101163228355
2024-02-27 19:00:00+00:00,50.197619120279946
2024-02-27 20:00:00+00:00,34.80267882347107
2024-02-27 21:00:00+00:00,19.40773852666219
2024-02-27 22:00:00+00:00,16.552976369857788
2024-02-27 23:00:00+00:00,12.138095299402872
2024-02-28 00:00:00+00:00,9.882291634877523
2024-02-28 01:00:00+00:00,9.343303600947062
2024-02-28 02:00:00+00:00,13.147991100947063
2024-02-28 03:00:00+00:00,16.952678600947063
2024-02-28 04:00:00+00:00,21.720783763461643
2024-02-28 05:00:00+00:00,26.488888925976223
2024-02-28 06:00:00+00:00,31.256994088490803
2024-02-28 07:00:00+00:00,28.590476195017494
2024-02-28 08:00:00+00:00,21.66800594329834
2024-02-28 09:00:00+00:00,16.6558035214742
2024-02-28 10:00:00+00:00,11.307440519332886
2024-02-28 11:00:00+00:00,9.480803648630776
2024-02-28 12:00:00+00:00,10.873660882314049
2024-02-28 13:00:00+00:00,10.9686013062795
2024-02-28 14:00:00+00:00,14.483333428700766
2024-02-28 15:00:00+00:00,21.65744074185689
2024-02-28 16:00:00+00:00,34.96517817179362
2024-02-28 17:00:00+00:00,14.430952469507853
2024-02-28 18:00:00+00:00,16.929166714350384
2024-02-28 19:00:00+00:00,15.825000127156576
2024-02-28 20:00:00+00:00,24.95758930842082
2024-02-28 21:00:00+00:00,32.04181512196859
2024-02-28 22:00:00+00:00,35.96264902750651
2024-02-28 23:00:00+00:00,37.14642874399821
2024-02-29 00:00:00+00:00,36.807589530944824
2024-02-29 01:00:00+00:00,37.757515112559005
2024-02-29 02:00:00+00:00,38.70744069417318
2024-02-29 03:00:00+00:00,45.38630930582682
2024-02-29 04:00:00+00:00,40.55535697937012
2024-02-29 05:00:00+00:00,35.9694343884786
2024-02-29 06:00:00+00:00,31.383511797587076
2024-02-29 07:00:00+00:00,26.79758920669556
2024-02-29 08:00:00+00:00,22.211666615804038
2024-02-29 09:00:00+00:00,17.625744024912517
2024-02-29 10:00:00+00:00,18.235267639160156
2024-02-29 11:00:00+00:00,12.963392734527588
2024-02-29 12:00:00+00:00,20.637797594070435
2024-02-29 13:00:00+00:00,96.11145846048991
2024-02-29 14:00:00+00:00,20.107142845789593
2024-02-29 15:00:00+00:00,18.26145839691162
2024-02-29 16:00:00+00:00,33.88749980926514
2024-02-29 17:00:00+00:00,30.510684331258137
2024-02-29 18:00:00+00:00,19.365476449330647
2024-02-29 19:00:00+00:00,14.845386823018393
2024-02-29 20:00:00+00:00,10.938839356104532
2024-02-29 21:00:00+00:00,11.986904700597128
2024-02-29 22:00:00+00:00,11.646130879720053
2024-02-29 23:00:00+00:00,11.305357058842977
2024-03-01 00:00:00+00:00,10.964583237965902
2024-03-01 01:00:00+00:00,9.682142893473308
2024-03-01 02:00:00+00:00,11.95535715421041
2024-03-01 03:00:00+00:00,27.11488103866577
2024-03-01 04:00:00+00:00,51.07708295186361
2024-03-01 05:00:00+00:00,36.55044651031494
2024-03-01 06:00:00+00:00,31.948437531789146
2024-03-01 07:00:00+00:00,27.346428553263348
2024-03-01 08:00:00+00:00,17.192987823486327
2024-03-01 09:00:00+00:00,17.305059671401978
2024-03-01 10:00:00+00:00,18.75178591410319
2024-03-01 11:00:00+00:00,12.720237970352173
2024-03-01 12:00:00+00:00,11.272956278589037
2024-03-01 13:00:00+00:00,9.825674586825901
2024-03-01 14:00:00+00:00,8.378392895062765
2024-03-01 15:00:00+00:00,8.781845410664877
2024-03-01 16:00:00+00:00,64.08497039477031
2024-03-01 17:00:00+00:00,49.199404080708824
2024-03-01 18:00:00+00:00,26.583333333333332
2024-03-01 19:00:00+00:00,28.483184496561687
2024-03-01 20:00:00+00:00,32.25647338231405
2024-03-01 21:00:00+00:00,36.029762268066406
2024-03-01 22:00:00+00:00,33.61785729726156
2024-03-01 23:00:00+00:00,28.57008949915568
2024-03-02 00:00:00+00:00,22.880134065945946
2024-03-02 01:00:00+00:00,17.190178632736206
2024-03-02 02:00:00+00:00,12.284226179122925
2024-03-02 03:00:00+00:00,16.295188426971436
2024-03-02 04:00:00+00:00,20.306150674819946
2024-03-02 05:00:00+00:00,24.317112922668457
2024-03-02 06:00:00+00:00,20.1231396595637
2024-03-02 07:00:00+00:00,15.929166396458944
2024-03-02 08:00:00+00:00,10.41994047164917
2024-03-02 09:00:00+00:00,9.42931548754374
2024-03-02 10:00:00+00:00,13.36919641494751
2024-03-02 11:00:00+00:00,9.591145793596903
2024-03-02 12:00:00+00:00,5.813095172246297
2024-03-02 13:00:00+00:00,5.311458388964335
2024-03-02 14:00:00+00:00,6.912599166234334
2024-03-02 15:00:00+00:00,9.114285707473757
2024-03-02 16:00:00+00:00,16.182812492052715
2024-03-02 17:00:00+00:00,23.251339276631672
2024-03-02 18:00:00+00:00,20.306309541066486
2024-03-02 19:00:00+00:00,27.393035968144737
2024-03-02 20:00:00+00:00,34.479762395222984
2024-03-02 21:00:00+00:00,32.32976214090983
2024-03-02 22:00:00+00:00,32.25788720448812
2024-03-02 23:00:00+00:00,31.207887172698975
2024-03-03 00:00:00+00:00,27.610863367716473
2024-03-03 01:00:00+00:00,18.536607265472412
2024-03-03 02:00:00+00:00,13.568898836771648
2024-03-03 03:00:00+00:00,10.797916730244957
2024-03-03 04:00:00+00:00,13.153571446736654
2024-03-03 05:00:00+00:00,53.257293065389
2024-03-03 06:00:00+00:00,45.03259023030599
2024-03-03 07:00:00+00:00,36.807887395222984
2024-03-03 08:00:00+00:00,16.213690519332886
2024-03-03 09:00:00+00:00,12.933035850524902
2024-03-03 10:00:00+00:00,10.05267866452535
2024-03-03 11:00:00+00:00,6.981994072596232
2024-03-03 12:00:00+00:00,5.795982241630554
2024-03-03 13:00:00+00:00,8.600446462631226
2024-03-03 14:00:00+00:00,28.096428712209065
2024-03-03 15:00:00+00:00,142.47038555145264
2024-03-03 16:00:00+00:00,39.54687468210856
2024-03-03 17:00:00+00:00,34.426637172698975
2024-03-03 18:00:00+00:00,41.17380905151367
2024-03-03 19:00:00+00:00,37.20758978525797
2024-03-03 20:00:00+00:00,32.649107456207275
2024-03-03 21:00:00+00:00,28.090625127156574
2024-03-03 22:00:00+00:00,12.66800594329834
2024-03-03 23:00:00+00:00,9.61532727877299
2024-03-04 00:00:00+00:00,9.148313363393148
2024-03-04 01:00:00+00:00,13.088541666666666
2024-03-04 02:00:00+00:00,14.808035691579184
2024-03-04 03:00:00+00:00,25.127430386013458
2024-03-04 04:00:00+00:00,35.44682508044773
2024-03-04 05:00:00+00:00,45.766219774882
2024-03-04 06:00:00+00:00,34.33839257558187
2024-03-04 07:00:00+00:00,22.91056537628174
2024-03-04 08:00:00+00:00,24.37514877319336
2024-03-04 09:00:00+00:00,17.184821287790935
2024-03-04 10:00:00+00:00,12.39270838101705
2024-03-04 11:00:00+00:00,10.729761997858684
2024-03-04 12:00:00+00:00,9.05218251546224
2024-03-04 13:00:00+00:00,7.347916603088379
2024-03-04 14:00:00+00:00,10.91800586382548
2024-03-04 15:00:00+00:00,14.39270838101705
2024-03-04 16:00:00+00:00,24.645982027053833
2024-03-04 17:00:00+00:00,21.985267718633015
2024-03-04 18:00:00+00:00,8.027976115544638
2024-03-04 19:00:00+00:00,5.892410755157471
2024-03-04 20:00:00+00:00,8.4296875
2024-03-04 21:00:00+00:00,10.96696424484253
2024-03-04 22:00:00+00:00,11.025520761807758
2024-03-04 23:00:00+00:00,11.08407727877299
2024-03-05 00:00:00+00:00,19.42738087972005
2024-03-05 01:00:00+00:00,15.735565265019735
2024-03-05 02:00:00+00:00,17.9370535214742
2024-03-05 03:00:00+00:00,20.13854177792867
2024-03-05 04:00:00+00:00,22.843154629071552
2024-03-05 05:00:00+00:00,25.547767480214436
2024-03-05 06:00:00+00:00,19.151487986246742
2024-03-05 07:00:00+00:00,15.638839642206827
2024-03-05 08:00:00+00:00,12.682440519332886
2024-03-05 09:00:00+00:00,12.373958349227903
2024-03-05 10:00:00+00:00,11.40200885136922
2024-03-05 11:00:00+00:00,10.430059353510538
2024-03-05 12:00:00+00:00,9.752777814865112
2024-03-05 13:00:00+00:00,10.19652779897054
2024-03-05 14:00:00+00:00,16.97068452835083
2024-03-05 15:00:00+00:00,13.547619104385376
2024-03-05 16:00:00+00:00,13.227380990982056
2024-03-05 17:00:00+00:00,12.907142877578735
2024-03-05 18:00:00+00:00,12.94107143084208
2024-03-05 19:00:00+00:00,14.196875015894571
2024-03-05 20:00:00+00:00,14.123363018035889
2024-03-05 21:00:00+00:00,12.241071462631226
2024-03-05 22:00:00+00:00,9.013988057772318
2024-03-05 23:00:00+00:00,6.085416754086812
2024-03-06 00:00:00+00:00,4.9889610897411
2024-03-06 01:00:00+00:00,6.94190683148124
2024-03-06 02:00:00+00:00,8.89485257322138
2024-03-06 03:00:00+00:00,10.84779831496152
2024-03-06 04:00:00+00:00,12.80074405670166
2024-03-06 05:00:00+00:00,9.61726188659668
2024-03-06 06:00:00+00:00,10.1913689772288
2024-03-06 07:00:00+00:00,11.375744024912516
2024-03-06 08:00:00+00:00,12.841765960057575
2024-03-06 09:00:00+00:00,11.930476109186808
2024-03-06 10:00:00+00:00,9.931994120279947
2024-03-06 11:00:00+00:00,9.406473239262898
2024-03-06 12:00:00+00:00,8.88095235824585
2024-03-06 13:00:00+00:00,8.792410612106323
2024-03-06 14:00:00+00:00,9.151785691579184
2024-03-06 15:00:00+00:00,10.45520838101705
2024-03-06 16:00:00+00:00,18.21339265505473
2024-03-06 17:00:00+00:00,20.34523789087931
2024-03-06 18:00:00+00:00,17.31264877319336
2024-03-06 19:00:00+00:00,15.002857398986816
2024-03-06 20:00:00+00:00,13.814285278320312
2024-03-06 21:00:00+00:00,12.485713958740234
2024-03-06 22:00:00+00:00,12.976759134554396
2024-03-06 23:00:00+00:00,13.467804310368557
2024-03-07 00:00:00+00:00,13.958849486182718
2024-03-07 01:00:00+00:00,14.449894661996879
2024-03-07 02:00:00+00:00,14.94093983781104
2024-03-07 03:00:00+00:00,15.431985013625201
2024-03-07 04:00:00+00:00,15.923030189439363
2024-03-07 05:00:00+00:00,16.414075365253524
2024-03-07 06:00:00+00:00,16.905120541067685
2024-03-07 07:00:00+00:00,17.396165716881846
2024-03-07 08:00:00+00:00,17.887210892696007
2024-03-07 09:00:00+00:00,18.37825606851017
2024-03-07 10:00:00+00:00,18.869301244324326
2024-03-07 11:00:00+00:00,19.36034642013849
2024-03-07 12:00:00+00:00,19.85139159595265
2024-03-07 13:00:00+00:00,20.342436771766813
2024-03-07 14:00:00+00:00,20.83348194758097
2024-03-07 15:00:00+00:00,21.324527123395136
2024-03-07 16:00:00+00:00,21.815572299209293
2024-03-07 17:00:00+00:00,22.306617475023458
2024-03-07 18:00:00+00:00,22.797662650837616
2024-03-07 19:00:00+00:00,23.28870782665178
2024-03-07 20:00:00+00:00,23.779753002465938
2024-03-07 21:00:00+00:00,24.2707981782801
2024-03-07 22:00:00+00:00,24.76184335409426
2024-03-07 23:00:00+00:00,25.25288852990842
2024-03-08 00:00:00+00:00,25.743933705722583
2024-03-08 01:00:00+00:00,26.234978881536744
2024-03-08 02:00:00+00:00,26.726024057350905
2024-03-08 03:00:00+00:00,27.217069233165066
2024-03-08 04:00:00+00:00,27.708114408979228
2024-03-08 05:00:00+00:00,28.19915958479339
2024-03-08 06:00:00+00:00,28.69020476060755
2024-03-08 07:00:00+00:00,29.18124993642171
2024-03-08 08:00:00+00:00,29.672295112235872
2024-03-08 09:00:00+00:00,30.163340288050033
2024-03-08 10:00:00+00:00,30.654385463864195
2024-03-08 11:00:00+00:00,31.145430639678356
2024-03-08 12:00:00+00:00,31.636475815492517
2024-03-08 13:00:00+00:00,32.12752099130668
2024-03-08 14:00:00+00:00,32.61856616712084
2024-03-08 15:00:00+00:00,33.109611342935
2024-03-08 16:00:00+00:00,33.60065651874916
2024-03-08 17:00:00+00:00,34.091701694563326
2024-03-08 18:00:00+00:00,34.582746870377484
2024-03-08 19:00:00+00:00,35.07379204619164
2024-03-08 20:00:00+00:00,35.564837222005806
2024-03-08 21:00:00+00:00,36.055882397819964
2024-03-08 22:00:00+00:00,36.54692757363412
2024-03-08 23:00:00+00:00,37.037972749448286
2024-03-09 00:00:00+00:00,37.52901792526245
2024-03-09 01:00:00+00:00,38.02006310107661
2024-03-09 02:00:00+00:00,38.511108276890766
2024-03-09 03:00:00+00:00,39.00215345270493
2024-03-09 04:00:00+00:00,39.493198628519096
2024-03-09 05:00:00+00:00,39.98424380433325
2024-03-09 06:00:00+00:00,40.47528898014741
2024-03-09 07:00:00+00:00,40.966334155961576
2024-03-09 08:00:00+00:00,41.45737933177574
2024-03-09 09:00:00+00:00,41.9484245075899
2024-03-09 10:00:00+00:00,42.439469683404056
2024-03-09 11:00:00+00:00,42.93051485921822
2024-03-09 12:00:00+00:00,43.421560035032385
2024-03-09 13:00:00+00:00,43.91260521084654
2024-03-09 14:00:00+00:00,44.4036503866607
2024-03-09 15:00:00+00:00,44.894695562474865
2024-03-09 16:00:00+00:00,45.38574073828902
2024-03-09 17:00:00+00:00,45.87678591410319
2024-03-09 18:00:00+00:00,11.69087290763855
2024-03-09 19:00:00+00:00,8.342460433642069
2024-03-09 20:00:00+00:00,8.157589276631674
2024-03-09 21:00:00+00:00,8.793749968210856
2024-03-09 22:00:00+00:00,9.154464165369667
2024-03-09 23:00:00+00:00,7.461458365122477
2024-03-10 00:00:00+00:00,6.405357162157695
2024-03-10 01:00:00+00:00,5.108779748280843
2024-03-10 02:00:00+00:00,4.656994044780731
2024-03-10 03:00:00+00:00,6.067559520403544
2024-03-10 04:00:00+00:00,14.363690376281738
2024-03-10 05:00:00+00:00,23.462202390034992
2024-03-10 06:00:00+00:00,13.62708338101705
2024-03-10 07:00:00+00:00,11.104315439860024
2024-03-10 08:00:00+00:00,8.698809583981832
2024-03-10 09:00:00+00:00,7.522023916244507
2024-03-10 10:00:00+00:00,7.264732231696446
2024-03-10 11:00:00+00:00,7.007440547148386
2024-03-10 12:00:00+00:00,6.7501488626003265
2024-03-10 13:00:00+00:00,6.492857178052266
2024-03-10 14:00:00+00:00,6.604315479596456
2024-03-10 15:00:00+00:00,7.544047594070435
2024-03-10 16:00:00+00:00,19.455952644348145
2024-03-10 17:00:00+00:00,33.33571481704712
2024-03-10 18:00:00+00:00,34.97857173283895
2024-03-10 19:00:00+00:00,25.454762140909832
2024-03-10 20:00:00+00:00,18.812946796417236
2024-03-10 21:00:00+00:00,14.640029907226562
2024-03-10 22:00:00+00:00,11.920535723368326
2024-03-10 23:00:00+00:00,11.52529764175415
2024-03-11 00:00:00+00:00,11.590327262878418
2024-03-11 01:00:00+00:00,9.692113002141316
2024-03-11 02:00:00+00:00,8.833035628000895
2024-03-11 03:00:00+00:00,12.665327310562134
2024-03-11 04:00:00+00:00,19.77931555112203
2024-03-11 05:00:00+00:00,20.325595219930012
2024-03-11 06:00:00+00:00,17.35580388704936
2024-03-11 07:00:00+00:00,15.866071462631226
2024-03-11 08:00:00+00:00,13.881398916244509
2024-03-11 09:00:00+00:00,14.328571213616264
2024-03-11 10:00:00+00:00,14.572519699732462
2024-03-11 11:00:00+00:00,12.533928632736206
2024-03-11 12:00:00+00:00,25.9249009291331
2024-03-11 13:00:00+00:00,39.31587322552999
2024-03-11 14:00:00+00:00,44.92321379979452
2024-03-11 15:00:00+00:00,19.800865693525836
2024-03-11 16:00:00+00:00,17.00850350516183
2024-03-11 17:00:00+00:00,16.820659688213368
2024-03-11 18:00:00+00:00,16.632815871264906
2024-03-11 19:00:00+00:00,16.444972054316448
2024-03-11 20:00:00+00:00,16.257128237367986
2024-03-11 21:00:00+00:00,16.069284420419525
2024-03-11 22:00:00+00:00,15.881440603471063
2024-03-11 23:00:00+00:00,15.693596786522603
2024-03-12 00:00:00+00:00,15.505752969574141
2024-03-12 01:00:00+00:00,15.317909152625681
2024-03-12 02:00:00+00:00,15.13006533567722
2024-03-12 03:00:00+00:00,14.94222151872876
2024-03-12 04:00:00+00:00,14.754377701780298
2024-03-12 05:00:00+00:00,14.566533884831838
2024-03-12 06:00:00+00:00,14.378690067883376
2024-03-12 07:00:00+00:00,14.190846250934914
2024-03-12 08:00:00+00:00,14.003002433986454
2024-03-12 09:00:00+00:00,13.815158617037993
2024-03-12 10:00:00+00:00,13.627314800089533
2024-03-12 11:00:00+00:00,13.43947098314107
2024-03-12 12:00:00+00:00,13.251627166192609
2024-03-12 13:00:00+00:00,13.063783349244149
2024-03-12 14:00:00+00:00,12.875939532295689
2024-03-12 15:00:00+00:00,12.688095715347227
2024-03-12 16:00:00+00:00,12.500251898398766
2024-03-12 17:00:00+00:00,12.312408081450304
2024-03-12 18:00:00+00:00,12.124564264501844
2024-03-12 19:00:00+00:00,11.936720447553384
2024-03-12 20:00:00+00:00,11.748876630604922
2024-03-12 21:00:00+00:00,11.56103281365646
2024-03-12 22:00:00+00:00,11.373188996707999
2024-03-12 23:00:00+00:00,11.185345179759539
2024-03-13 00:00:00+00:00,10.997501362811079
2024-03-13 01:00:00+00:00,10.809657545862617
2024-03-13 02:00:00+00:00,10.621813728914155
2024-03-13 03:00:00+00:00,10.433969911965695
2024-03-13 04:00:00+00:00,10.246126095017233
2024-03-13 05:00:00+00:00,10.058282278068774
2024-03-13 06:00:00+00:00,9.870438461120312
2024-03-13 07:00:00+00:00,9.68259464417185
2024-03-13 08:00:00+00:00,9.49475082722339
2024-03-13 09:00:00+00:00,9.30690701027493
2024-03-13 10:00:00+00:00,9.119063193326468
2024-03-13 11:00:00+00:00,8.931219376378007
2024-03-13 12:00:00+00:00,8.743375559429547
2024-03-13 13:00:00+00:00,8.555531742481085
2024-03-13 14:00:00+00:00,8.367687925532623
2024-03-13 15:00:00+00:00,8.179844108584163
2024-03-13 16:00:00+00:00,7.992000291635701
2024-03-13 17:00:00+00:00,7.804156474687241
2024-03-13 18:00:00+00:00,7.61631265773878
2024-03-13 19:00:00+00:00,7.42846884079032
2024-03-13 20:00:00+00:00,7.240625023841858
2024-03-13 21:00:00+00:00,7.28913692633311
2024-03-13 22:00:00+00:00,6.010416706403096
2024-03-13 23:00:00+00:00,5.948448161284128
2024-03-14 00:00:00+00:00,5.886479616165161
2024-03-14 01:00:00+00:00,5.824511071046193
2024-03-14 02:00:00+00:00,5.762542525927225
2024-03-14 03:00:00+00:00,5.700573980808258
2024-03-14 04:00:00+00:00,5.63860543568929
2024-03-14 05:00:00+00:00,5.576636890570322
2024-03-14 06:00:00+00:00,5.514668345451355
2024-03-14 07:00:00+00:00,5.452699800332387
2024-03-14 08:00:00+00:00,5.39073125521342
2024-03-14 09:00:00+00:00,5.328762710094452
2024-03-14 10:00:00+00:00,5.266794164975484
2024-03-14 11:00:00+00:00,5.204825619856517
2024-03-14 12:00:00+00:00,5.142857074737549
2024-03-14 13:00:00+00:00,5.665327429771423
2024-03-14 14:00:00+00:00,8.540476242701212
2024-03-14 15:00:00+00:00,58.82886938254038
2024-03-14 16:00:00+00:00,109.11726252237956
2024-03-14 17:00:00+00:00,69.688094774882
2024-03-14 18:00:00+00:00,38.97599188486735
2024-03-14 19:00:00+00:00,33.896709495120575
2024-03-14 20:00:00+00:00,28.817427105373802
2024-03-14 21:00:00+00:00,23.738144715627033
2024-03-14 22:00:00+00:00,18.65886232588026
2024-03-14 23:00:00+00:00,13.579579936133488
2024-03-15 00:00:00+00:00,8.500297546386719
2024-03-15 01:00:00+00:00,8.083928545316061
2024-03-15 02:00:00+00:00,7.53511913617452
2024-03-15 03:00:00+00:00,110.64419670899709
2024-03-15 04:00:00+00:00,213.75327428181967
2024-03-15 05:00:00+00:00,58.0008929570516
2024-03-15 06:00:00+00:00,28.700595378875732
2024-03-15 07:00:00+00:00,19.097172737121586
2024-03-15 08:00:00+00:00,12.516666650772097
2024-03-15 09:00:00+00:00,11.73452385266622
2024-03-15 10:00:00+00:00,8.86646827061971
2024-03-15 11:00:00+00:00,6.127182563145955
2024-03-15 12:00:00+00:00,5.12500003973643
2024-03-15 13:00:00+00:00,9.036706407864887
2024-03-15 14:00:00+00:00,93.1511906782786
2024-03-15 15:00:00+00:00,46.309523582458496
2024-03-15 16:00:00+00:00,31.95535723368327
2024-03-15 17:00:00+00:00,44.52738094329834
2024-03-15 18:00:00+00:00,37.55833339691162
2024-03-15 19:00:00+00:00,30.935912768046062
2024-03-15 20:00:00+00:00,25.145833333333332
2024-03-15 21:00:00+00:00,21.185664812723797
2024-03-15 22:00:00+00:00,17.95535723368327
2024-03-15 23:00:00+00:00,17.137351036071777
2024-03-16 00:00:00+00:00,15.512946367263794
2024-03-16 01:00:00+00:00,13.48839290936788
2024-03-16 02:00:00+00:00,11.844196478525795
2024-03-16 03:00:00+00:00,13.953720331192017
2024-03-16 04:00:00+00:00,15.939732074737549
2024-03-16 05:00:00+00:00,20.887499809265137
2024-03-16 06:00:00+00:00,20.752926455603703
2024-03-16 07:00:00+00:00,20.618353101942272
2024-03-16 08:00:00+00:00,20.48377974828084
2024-03-16 09:00:00+00:00,15.695833444595335
2024-03-16 10:00:00+00:00,13.995089371999104
2024-03-16 11:00:00+00:00,14.08229168256124
2024-03-16 12:00:00+00:00,18.86755935351054
2024-03-16 13:00:00+00:00,14.028422753016152
2024-03-16 14:00:00+00:00,11.76383924484253
2024-03-16 15:00:00+00:00,24.229761759440105
2024-03-16 16:00:00+00:00,54.03601233164469
2024-03-16 17:00:00+00:00,35.53869024912516
2024-03-16 18:00:00+00:00,28.419841289520264
2024-03-16 19:00:00+00:00,23.53214295705159
2024-03-16 20:00:00+00:00,21.465773741404217
2024-03-16 21:00:00+00:00,22.27276786168416
2024-03-16 22:00:00+00:00,21.31624814867973
2024-03-16 23:00:00+00:00,20.3597284356753
2024-03-17 00:00:00+00:00,19.40320872267087
2024-03-17 01:00:00+00:00,18.44668900966644
2024-03-17 02:00:00+00:00,17.49016929666201
2024-03-17 03:00:00+00:00,16.533649583657578
2024-03-17 04:00:00+00:00,15.577129870653149
2024-03-17 05:00:00+00:00,14.62061015764872
2024-03-17 06:00:00+00:00,13.664090444644291
2024-03-17 07:00:00+00:00,12.70757073163986
2024-03-17 08:00:00+00:00,11.75105101863543
2024-03-17 09:00:00+00:00,10.794531305631
2024-03-17 10:00:00+00:00,9.838011592626572
2024-03-17 11:00:00+00:00,8.881491879622141
2024-03-17 12:00:00+00:00,7.92497216661771
2024-03-17 13:00:00+00:00,6.968452453613281
2024-03-17 14:00:00+00:00,45.786904652913414
2024-03-17 15:00:00+00:00,46.18258889516195
2024-03-17 16:00:00+00:00,42.70173159512606
2024-03-17 17:00:00+00:00,23.269047737121586
2024-03-17 18:00:00+00:00,16.605555375417072
2024-03-17 19:00:00+00:00,15.55877979596456
2024-03-17 20:00:00+00:00,12.980952501296995
2024-03-17 21:00:00+00:00,8.223363121350607
2024-03-17 22:00:00+00:00,6.727232197920482
2024-03-17 23:00:00+00:00,5.2311012744903564
2024-03-18 00:00:00+00:00,5.302083333333333
2024-03-18 01:00:00+00:00,6.236904780069987
2024-03-18 02:00:00+00:00,7.37693452835083
2024-03-18 03:00:00+00:00,10.7855654557546
2024-03-18 04:00:00+00:00,11.99707341194153
2024-03-18 05:00:00+00:00,13.20858136812846
2024-03-18 06:00:00+00:00,14.42008932431539
2024-03-18 07:00:00+00:00,12.925148725509644
2024-03-18 08:00:00+00:00,12.897023836771648
2024-03-18 09:00:00+00:00,12.155654827753702
2024-03-18 10:00:00+00:00,12.227827390034994
2024-03-18 11:00:00+00:00,12.481101036071776
2024-03-18 12:00:00+00:00,17.934821526209515
2024-03-18 13:00:00+00:00,9.22276790936788
2024-03-18 14:00:00+00:00,10.573511918385824
2024-03-18 15:00:00+00:00,11.133333365122477
2024-03-18 16:00:00+00:00,11.10758924484253
2024-03-18 17:00:00+00:00,13.590476195017496
2024-03-18 18:00:00+00:00,18.16562493642171
2024-03-18 19:00:00+00:00,14.053869167963663
2024-03-18 20:00:00+00:00,7.276934464772542
2024-03-18 21:00:00+00:00,6.523958285649617
2024-03-18 22:00:00+00:00,5.604017893473308
2024-03-18 23:00:00+00:00,4.576339284578959
2024-03-19 00:00:00+00:00,3.949107189973195
2024-03-19 01:00:00+00:00,4.069196452697118
2024-03-19 02:00:00+00:00,4.189285715421041
2024-03-19 03:00:00+00:00,9.947023828824362
2024-03-19 04:00:00+00:00,17.928571224212646
2024-03-19 05:00:00+00:00,16.624255855878193
2024-03-19 06:00:00+00:00,15.31994048754374
2024-03-19 07:00:00+00:00,12.236606995264689
2024-03-19 08:00:00+00:00,12.614434560139976
2024-03-19 09:00:00+00:00,12.880208412806192
2024-03-19 10:00:00+00:00,12.4025297164917
2024-03-19 11:00:00+00:00,9.878422578175863
2024-03-19 12:00:00+00:00,7.796577374140422
2024-03-19 13:00:00+00:00,18.272172649701435
2024-03-19 14:00:00+00:00,10.707886934280396
2024-03-19 15:00:00+00:00,9.786458253860474
2024-03-19 16:00:00+00:00,10.675148725509644
2024-03-19 17:00:00+00:00,10.381448109944662
2024-03-19 18:00:00+00:00,9.828819433848064
2024-03-19 19:00:00+00:00,8.505952397982279
2024-03-19 20:00:00+00:00,7.299255887667338
2024-03-19 21:00:00+00:00,7.039732178052266
2024-03-19 22:00:00+00:00,6.722916603088379
2024-03-19 23:00:00+00:00,6.2275296449661255
2024-03-20 00:00:00+00:00,5.881547609965007
2024-03-20 01:00:00+00:00,5.889880895614624
2024-03-20 02:00:00+00:00,8.032254417737326
2024-03-20 03:00:00+00:00,10.174627939860027
2024-03-20 04:00:00+00:00,12.317001461982727
2024-03-20 05:00:00+00:00,14.459374984105429
2024-03-20 06:00:00+00:00,13.559821526209513
2024-03-20 07:00:00+00:00,10.49999984105428
2024-03-20 08:00:00+00:00,9.88095243771871
2024-03-20 09:00:00+00:00,10.087053537368774
2024-03-20 10:00:00+00:00,8.791914648479885
2024-03-20 11:00:00+00:00,7.496775759590996
2024-03-20 12:00:00+00:00,6.2016368707021075
2024-03-20 13:00:00+00:00,5.731994032859802
2024-03-20 14:00:00+00:00,7.457291762034099
2024-03-20 15:00:00+00:00,9.221279780069986
2024-03-20 16:00:00+00:00,54.858184814453125
2024-03-20 17:00:00+00:00,20.05089298884074
2024-03-20 18:00:00+00:00,10.451636950174969
2024-03-20 19:00:00+00:00,9.28482143084208
2024-03-20 20:00:00+00:00,9.066666762034098
2024-03-20 21:00:00+00:00,6.956398844718933
2024-03-20 22:00:00+00:00,5.333184480667114
2024-03-20 23:00:00+00:00,5.49663048414957
2024-03-21 00:00:00+00:00,5.660076487632025
2024-03-21 01:00:00+00:00,5.82352249111448
2024-03-21 02:00:00+00:00,5.986968494596936
2024-03-21 03:00:00+00:00,6.150414498079391
2024-03-21 04:00:00+00:00,6.313860501561846
2024-03-21 05:00:00+00:00,6.477306505044302
2024-03-21 06:00:00+00:00,6.640752508526757
2024-03-21 07:00:00+00:00,6.804198512009212
2024-03-21 08:00:00+00:00,6.967644515491667
2024-03-21 09:00:00+00:00,7.131090518974123
2024-03-21 10:00:00+00:00,7.294536522456578
2024-03-21 11:00:00+00:00,7.457982525939034
2024-03-21 12:00:00+00:00,7.621428529421489
2024-03-21 13:00:00+00:00,5.732242027918498
2024-03-21 14:00:00+00:00,5.094642837842305
2024-03-21 15:00:00+00:00,8.277083158493042
2024-03-21 16:00:00+00:00,9.560118913650513
2024-03-21 17:00:00+00:00,11.753125031789144
2024-03-21 18:00:00+00:00,10.469791650772097
2024-03-21 19:00:00+00:00,15.26190503438314
2024-03-21 20:00:00+00:00,20.54866091410319
2024-03-21 21:00:00+00:00,17.05059544245402
2024-03-21 22:00:00+00:00,10.91026775042216
2024-03-21 23:00:00+00:00,5.926934480667114
2024-03-22 00:00:00+00:00,4.5086309512456255
2024-03-22 01:00:00+00:00,4.466369032859802
2024-03-22 02:00:00+00:00,8.698363065719604
2024-03-22 03:00:00+00:00,13.08377973238627
2024-03-22 04:00:00+00:00,21.391815344492596
2024-03-22 05:00:00+00:00,16.39449413617452
2024-03-22 06:00:00+00:00,18.03690489133199
2024-03-22 07:00:00+00:00,16.69702370961507
2024-03-22 08:00:00+00:00,17.172767957051594
2024-03-22 09:00:00+00:00,13.570684671401978
2024-03-22 10:00:00+00:00,9.231994072596232
2024-03-22 11:00:00+00:00,8.517113089561462
2024-03-22 12:00:00+00:00,7.004910707473755
2024-03-22 13:00:00+00:00,5.492708325386047
2024-03-22 14:00:00+00:00,5.97857145468394
2024-03-22 15:00:00+00:00,14.860267957051596
2024-03-22 16:00:00+00:00,50.31011915206909
2024-03-22 17:00:00+00:00,20.274404684702557
2024-03-22 18:00:00+00:00,11.722113132476808
2024-03-22 19:00:00+00:00,9.467708269755043
2024-03-22 20:00:00+00:00,22.594196399052937
2024-03-22 21:00:00+00:00,18.674355387687683
2024-03-22 22:00:00+00:00,7.566220283508301
2024-03-22 23:00:00+00:00,7.108333309491475
2024-03-23 00:00:00+00:00,7.313392877578735
2024-03-23 01:00:00+00:00,8.179613073666891
2024-03-23 02:00:00+00:00,9.63148806889852
2024-03-23 03:00:00+00:00,11.083363064130147
2024-03-23 04:00:00+00:00,12.535238059361776
2024-03-23 05:00:00+00:00,13.987113054593404
2024-03-23 06:00:00+00:00,15.438988049825031
2024-03-23 07:00:00+00:00,17.077529509862263
2024-03-23 08:00:00+00:00,21.075446605682373
2024-03-23 09:00:00+00:00,18.84017864863078
2024-03-23 10:00:00+00:00,14.15446432431539
2024-03-23 11:00:00+00:00,10.833928628401322
2024-03-23 12:00:00+00:00,7.835565567016602
2024-03-23 13:00:00+00:00,6.26964286963145
2024-03-23 14:00:00+00:00,6.735714316368103
2024-03-23 15:00:00+00:00,13.0075892607371
2024-03-23 16:00:00+00:00,16.884077151616413
2024-03-23 17:00:00+00:00,17.1369047164917
2024-03-23 18:00:00+00:00,8.703184604644775
2024-03-23 19:00:00+00:00,5.964434464772542
2024-03-23 20:00:00+00:00,5.1541666984558105
2024-03-23 21:00:00+00:00,4.7970238129297895
2024-03-23 22:00:00+00:00,5.523883938789368
2024-03-23 23:00:00+00:00,6.250744064648947
2024-03-24 00:00:00+00:00,6.977604190508525
2024-03-24 01:00:00+00:00,7.704464316368103
2024-03-24 02:00:00+00:00,12.739286025365194
2024-03-24 03:00:00+00:00,28.16205358505249
2024-03-24 04:00:00+00:00,23.99002965291341
2024-03-24 05:00:00+00:00,21.552827262878417
2024-03-24 06:00:00+00:00,19.115624872843423
2024-03-24 07:00:00+00:00,16.67842248280843
2024-03-24 08:00:00+00:00,14.241220092773437
2024-03-24 09:00:00+00:00,11.804017702738443
2024-03-24 10:00:00+00:00,9.186011950174969
2024-03-24 11:00:00+00:00,7.446874976158142
2024-03-24 12:00:00+00:00,6.311904748280843
2024-03-24 13:00:00+00:00,6.548363089561462
2024-03-24 14:00:00+00:00,7.211904843648274
2024-03-24 15:00:00+00:00,21.09166677792867
2024-03-24 16:00:00+00:00,18.959970474243164
2024-03-24 17:00:00+00:00,16.66041660308838
2024-03-24 18:00:00+00:00,11.116071542104086
2024-03-24 19:00:00+00:00,7.816964268684387
2024-03-24 20:00:00+00:00,7.416815519332886
2024-03-24 21:00:00+00:00,7.960119128227234
2024-03-24 22:00:00+00:00,5.578720251719157
2024-03-24 23:00:00+00:00,4.443601230780284
2024-03-25 00:00:00+00:00,4.809821446736653
2024-03-25 01:00:00+00:00,5.911160667737325
2024-03-25 02:00:00+00:00,9.938244064648948
2024-03-25 03:00:00+00:00,18.32247042655945
2024-03-25 04:00:00+00:00,32.327678203582764
2024-03-25 05:00:00+00:00,36.670238176981606
2024-03-25 06:00:00+00:00,25.184226036071777
2024-03-25 07:00:00+00:00,20.199057459831238
2024-03-25 08:00:00+00:00,15.2138888835907
2024-03-25 09:00:00+00:00,10.22872030735016
2024-03-25 10:00:00+00:00,6.8120536009470625
2024-03-25 11:00:00+00:00,6.125744024912517
2024-03-25 12:00:00+00:00,7.2452380657196045
2024-03-25 13:00:00+00:00,7.541666706403096
2024-03-25 14:00:00+00:00,8.483035604159037
2024-03-25 15:00:00+00:00,31.829545497894287
2024-03-25 16:00:00+00:00,74.7467269897461
2024-03-25 17:00:00+00:00,48.44122060139974
2024-03-25 18:00:00+00:00,37.123810132344566
2024-03-25 19:00:00+00:00,30.773512204488117
2024-03-25 20:00:00+00:00,24.80327383677165
2024-03-25 21:00:00+00:00,16.213541666666668
2024-03-25 22:00:00+00:00,16.881150828467476
2024-03-25 23:00:00+00:00,17.548759990268284
2024-03-26 00:00:00+00:00,18.216369152069092
2024-03-26 01:00:00+00:00,18.883978313869903
2024-03-26 02:00:00+00:00,19.55158747567071
2024-03-26 03:00:00+00:00,20.21919663747152
2024-03-26 04:00:00+00:00,20.886805799272327
2024-03-26 05:00:00+00:00,21.554414961073135
2024-03-26 06:00:00+00:00,22.222024122873943
2024-03-26 07:00:00+00:00,14.004910786946615
2024-03-26 08:00:00+00:00,14.12872020403544
2024-03-26 09:00:00+00:00,10.514434496561686
2024-03-26 10:00:00+00:00,8.716071446736654
2024-03-26 11:00:00+00:00,7.043898860613505
2024-03-26 12:00:00+00:00,5.3717262744903564
2024-03-26 13:00:00+00:00,5.3738094965616865
2024-03-26 14:00:00+00:00,7.69732141494751
2024-03-26 15:00:00+00:00,15.600446621576944
2024-03-26 16:00:00+00:00,23.281994263331097
2024-03-26 17:00:00+00:00,14.143376437100498
2024-03-26 18:00:00+00:00,12.672619104385376
2024-03-26 19:00:00+00:00,11.301934480667114
2024-03-26 20:00:00+00:00,10.71473209063212
2024-03-26 21:00:00+00:00,10.962946573893229
2024-03-26 22:00:00+00:00,9.544047673543297
2024-03-26 23:00:00+00:00,7.78705358505249
2024-03-27 00:00:00+00:00,5.859523773193359
2024-03-27 01:00:00+00:00,5.249553640683492
2024-03-27 02:00:00+00:00,5.855654795964559
2024-03-27 03:00:00+00:00,10.07996039920383
2024-03-27 04:00:00+00:00,14.304266002443104
2024-03-27 05:00:00+00:00,18.528571605682373
2024-03-27 06:00:00+00:00,10.939880927403768
2024-03-27 07:00:00+00:00,11.11324413617452
2024-03-27 08:00:00+00:00,10.833035707473757
2024-03-27 09:00:00+00:00,8.460565646489462
2024-03-27 10:00:00+00:00,8.307176073392233
2024-03-27 11:00:00+00:00,8.153786500295004
2024-03-27 12:00:00+00:00,8.000396927197775
2024-03-27 13:00:00+00:00,9.79657745361328
2024-03-27 14:00:00+00:00,8.683441508900035
2024-03-27 15:00:00+00:00,7.756250023841858
2024-03-27 16:00:00+00:00,13.568303743998207
2024-03-27 17:00:00+00:00,13.360193570454914
2024-03-27 18:00:00+00:00,13.15208339691162
2024-03-27 19:00:00+00:00,12.943973223368324
2024-03-27 20:00:00+00:00,12.735863049825031
2024-03-27 21:00:00+00:00,12.280654748280844
2024-03-27 22:00:00+00:00,13.99642856915792
2024-03-27 23:00:00+00:00,13.143998040093317
2024-03-28 00:00:00+00:00,12.291567511028715
2024-03-28 01:00:00+00:00,11.439136981964111
2024-03-28 02:00:00+00:00,8.709226290384928
2024-03-28 03:00:00+00:00,9.592261910438538
2024-03-28 04:00:00+00:00,10.35576636592547
2024-03-28 05:00:00+00:00,11.119270821412403
2024-03-28 06:00:00+00:00,11.882775276899338
2024-03-28 07:00:00+00:00,12.64627973238627
2024-03-28 08:00:00+00:00,10.863839228947958
2024-03-28 09:00:00+00:00,13.095386981964111
2024-03-28 10:00:00+00:00,10.305133978525797
2024-03-28 11:00:00+00:00,7.514880975087483
2024-03-28 12:00:00+00:00,6.485119104385376
2024-03-28 13:00:00+00:00,7.056101202964783
2024-03-28 14:00:00+00:00,7.6151041984558105
2024-03-28 15:00:00+00:00,8.174107193946838
2024-03-28 16:00:00+00:00,16.184672673543293
2024-03-28 17:00:00+00:00,26.812103112538654
2024-03-28 18:00:00+00:00,36.87931537628174
2024-03-28 19:00:00+00:00,37.575594902038574
2024-03-28 20:00:00+00:00,33.53035720189413
2024-03-28 21:00:00+00:00,30.198362986246742
2024-03-28 22:00:00+00:00,25.185862859090168
2024-03-28 23:00:00+00:00,20.60133918126424
2024-03-29 00:00:00+00:00,17.89985116322835
2024-03-29 01:00:00+00:00,16.393005847930908
2024-03-29 02:00:00+00:00,17.561421076456707
2024-03-29 03:00:00+00:00,18.729836304982506
2024-03-29 04:00:00+00:00,19.8982515335083
2024-03-29 05:00:00+00:00,21.0666667620341
2024-03-29 06:00:00+00:00,27.06026792526245
2024-03-29 07:00:00+00:00,22.98961049860174
2024-03-29 08:00:00+00:00,18.6056547164917
2024-03-29 09:00:00+00:00,12.453720092773438
2024-03-29 10:00:00+00:00,9.65044641494751
2024-03-29 11:00:00+00:00,8.887351115544638
2024-03-29 12:00:00+00:00,8.229315479596456
2024-03-29 13:00:00+00:00,7.491815447807312
2024-03-29 14:00:00+00:00,6.74598213036855
2024-03-29 15:00:00+00:00,8.342113057772318
2024-03-29 16:00:00+00:00,17.843700408935547
2024-03-29 17:00:00+00:00,19.923412799835205
2024-03-29 18:00:00+00:00,10.072618961334229
2024-03-29 19:00:00+00:00,6.932291706403096
2024-03-29 20:00:00+00:00,5.943005959192912
2024-03-29 21:00:00+00:00,4.657142817974091
2024-03-29 22:00:00+00:00,4.940343892132795
2024-03-29 23:00:00+00:00,5.223544966291498
2024-03-30 00:00:00+00:00,5.506746040450202
2024-03-30 01:00:00+00:00,5.789947114608906
2024-03-30 02:00:00+00:00,6.073148188767609
2024-03-30 03:00:00+00:00,6.356349262926313
2024-03-30 04:00:00+00:00,6.6395503370850175
2024-03-30 05:00:00+00:00,6.922751411243722
2024-03-30 06:00:00+00:00,7.205952485402425
2024-03-30 07:00:00+00:00,9.643154660860697
2024-03-30 08:00:00+00:00,11.573065519332886
2024-03-30 09:00:00+00:00,10.43348217010498
2024-03-30 10:00:00+00:00,10.827876965204874
2024-03-30 11:00:00+00:00,11.591517925262451
2024-03-30 12:00:00+00:00,11.12916668256124
2024-03-30 13:00:00+00:00,11.083333412806192
2024-03-30 14:00:00+00:00,11.735069354375204
2024-03-30 15:00:00+00:00,13.00416660308838
2024-03-30 16:00:00+00:00,13.499504089355469
2024-03-30 17:00:00+00:00,16.589285612106323
2024-03-30 18:00:00+00:00,21.450000127156574
2024-03-30 19:00:00+00:00,21.227083524068195
2024-03-30 20:00:00+00:00,20.063839117685955
2024-03-30 21:00:00+00:00,20.930208524068195
2024-03-30 22:00:00+00:00,22.6172620455424
2024-03-30 23:00:00+00:00,20.34732151031494
2024-03-31 00:00:00+00:00,14.430505990982056
2024-03-31 01:00:00+00:00,8.010714252789816
2024-03-31 02:00:00+00:00,10.567261974016825
2024-03-31 03:00:00+00:00,17.4962797164917
2024-03-31 04:00:00+00:00,12.543898741404217
2024-03-31 05:00:00+00:00,9.68720237414042
2024-03-31 06:00:00+00:00,9.613872395621405
2024-03-31 07:00:00+00:00,9.540542417102388
2024-03-31 08:00:00+00:00,9.467212438583374
2024-03-31 09:00:00+00:00,9.696130911509195
2024-03-31 10:00:00+00:00,9.27142866452535
2024-03-31 11:00:00+00:00,10.15208339691162
2024-03-31 12:00:00+00:00,10.438541809717814
2024-03-31 13:00:00+00:00,11.061547438303627
2024-03-31 14:00:00+00:00,11.523214181264242
2024-03-31 15:00:00+00:00,11.56443460782369
2024-03-31 16:00:00+00:00,11.940426508585611
2024-03-31 17:00:00+00:00,12.733968416849772
2024-03-31 18:00:00+00:00,9.133224248886108
2024-03-31 19:00:00+00:00,9.59955366452535
2024-03-31 20:00:00+00:00,9.448363145192465
2024-03-31 21:00:00+00:00,7.822619040807088
2024-03-31 22:00:00+00:00,6.989583373069763
2024-03-31 23:00:00+00:00,6.22261909643809
2024-04-01 00:00:00+00:00,5.989434560139974
2024-04-01 01:00:00+00:00,5.842559576034546
2024-04-01 02:00:00+00:00,5.740327477455139
2024-04-01 03:00:00+00:00,6.218898852666219
2024-04-01 04:00:00+00:00,7.296131014823914
2024-04-01 05:00:00+00:00,9.564732313156128
2024-04-01 06:00:00+00:00,10.57410717010498
2024-04-01 07:00:00+00:00,11.288095315297443
2024-04-01 08:00:00+00:00,10.8982142607371
2024-04-01 09:00:00+00:00,8.16914689540863
2024-04-01 10:00:00+00:00,6.877381006876628
2024-04-01 11:00:00+00:00,6.445386966069539
2024-04-01 12:00:00+00:00,6.6357142448425295
2024-04-01 13:00:00+00:00,6.9003571510314945
2024-04-01 14:00:00+00:00,6.356696367263794
2024-04-01 15:00:00+00:00,7.002678592999776
2024-04-01 16:00:00+00:00,9.407589356104532
2024-04-01 17:00:00+00:00,10.910317341486612
2024-04-01 18:00:00+00:00,14.45119055112203
2024-04-01 19:00:00+00:00,14.246726274490356
2024-04-01 20:00:00+00:00,12.764731963475546
2024-04-01 21:00:00+00:00,11.694345156351725
2024-04-01 22:00:00+00:00,8.551934560139975
2024-04-01 23:00:00+00:00,6.541220148404439
2024-04-02 00:00:00+00:00,5.790327350298564
2024-04-02 01:00:00+00:00,6.55848213036855
2024-04-02 02:00:00+00:00,7.132440408070882
2024-04-02 03:00:00+00:00,9.186160723368326
2024-04-02 04:00:00+00:00,9.47470227877299
2024-04-02 05:00:00+00:00,8.247916658719381
2024-04-02 06:00:00+00:00,7.463690519332886
2024-04-02 07:00:00+00:00,6.8979166348775225
2024-04-02 08:00:00+00:00,10.766964236895243
2024-04-02 09:00:00+00:00,14.636011838912964
2024-04-02 10:00:00+00:00,6.586458325386047
2024-04-02 11:00:00+00:00,4.801488081614177
2024-04-02 12:00:00+00:00,3.0592261950174966
2024-04-02 13:00:00+00:00,3.3221725821495056
2024-04-02 14:00:00+00:00,4.12202376127243
2024-04-02 15:00:00+00:00,5.08794633547465
2024-04-02 16:00:00+00:00,9.425049424171448
2024-04-02 17:00:00+00:00,11.276190360387169
2024-04-02 18:00:00+00:00,18.358968098958332
2024-04-02 19:00:00+00:00,16.815178394317627
2024-04-02 20:00:00+00:00,16.045535723368328
2024-04-02 21:00:00+00:00,14.464285691579184
2024-04-02 22:00:00+00:00,14.36884919802348
2024-04-02 23:00:00+00:00,14.273412704467775
2024-04-03 00:00:00+00:00,14.177976210912071
2024-04-03 01:00:00+00:00,14.082539717356365
2024-04-03 02:00:00+00:00,13.987103223800661
2024-04-03 03:00:00+00:00,13.891666730244957
2024-04-03 04:00:00+00:00,21.366220474243164
2024-04-03 05:00:00+00:00,13.954017877578735
2024-04-03 06:00:00+00:00,12.1675000111262
2024-04-03 07:00:00+00:00,10.380982144673665
2024-04-03 08:00:00+00:00,8.59446427822113
2024-04-03 09:00:00+00:00,6.807946411768595
2024-04-03 10:00:00+00:00,5.02142854531606
2024-04-03 11:00:00+00:00,4.3330357273419695
2024-04-03 12:00:00+00:00,3.903125007947286
2024-04-03 13:00:00+00:00,4.070535719394684
2024-04-03 14:00:00+00:00,4.4550594886144
2024-04-03 15:00:00+00:00,4.942113161087036
2024-04-03 16:00:00+00:00,6.569494088490804
2024-04-03 17:00:00+00:00,9.217599312464396
2024-04-03 18:00:00+00:00,8.16269846757253
2024-04-03 19:00:00+00:00,8.448333303133646
2024-04-03 20:00:00+00:00,10.086706399917604
2024-04-03 21:00:00+00:00,7.577827334403992
2024-04-03 22:00:00+00:00,5.5502976179122925
2024-04-03 23:00:00+00:00,6.05669633547465
2024-04-04 00:00:00+00:00,6.4578869342803955
2024-04-04 01:00:00+00:00,5.41800594329834
2024-04-04 02:00:00+00:00,6.5857514937718715
2024-04-04 03:00:00+00:00,7.753497044245402
2024-04-04 04:00:00+00:00,8.921242594718933
2024-04-04 05:00:00+00:00,10.088988145192465
2024-04-04 06:00:00+00:00,13.413839181264242
2024-04-04 07:00:00+00:00,14.548214276631674
2024-04-04 08:00:00+00:00,14.576636791229248
2024-04-04 09:00:00+00:00,14.605059305826822
2024-04-04 10:00:00+00:00,16.110714356104534
2024-04-04 11:00:00+00:00,17.06413682301839
2024-04-04 12:00:00+00:00,16.243154684702557
2024-04-04 13:00:00+00:00,16.00907762845357
2024-04-04 14:00:00+00:00,14.78541668256124
2024-04-04 15:00:00+00:00,13.600297689437866
2024-04-04 16:00:00+00:00,18.524255911509197
2024-04-04 17:00:00+00:00,22.588095506032307
2024-04-04 18:00:00+00:00,22.69027789433797
2024-04-04 19:00:00+00:00,19.03380950291951
2024-04-04 20:00:00+00:00,17.34747012456258
2024-04-04 21:00:00+00:00,18.66592248280843
2024-04-04 22:00:00+00:00,18.95848210652669
2024-04-04 23:00:00+00:00,10.879166762034098
2024-04-05 00:00:00+00:00,4.942410707473755
2024-04-05 01:00:00+00:00,2.714434544245402
